{
  "stability_scores": {
    "n=10": {
      "symbols": 10,
      "quality_mean": 55.221997189035484,
      "quality_std": 8.571585369203731,
      "growth_mean": 61.88288072290906,
      "value_mean": 51.93024009143774,
      "momentum_mean": 40.24143484026659,
      "risk_mean": 18.16160010997645,
      "dispersion": 4.818026525169177,
      "verdict": "FACTORS DIFFERENTIATE (good signal)"
    },
    "n=20": {
      "symbols": 20,
      "quality_mean": 56.585516797035176,
      "quality_std": 12.171966403342207,
      "growth_mean": 61.569341849898045,
      "value_mean": 52.71279129761852,
      "momentum_mean": 37.46944737186753,
      "risk_mean": 18.657394959979502,
      "dispersion": 6.229748507917745,
      "verdict": "FACTORS DIFFERENTIATE (good signal)"
    },
    "n=30": {
      "symbols": 30,
      "quality_mean": 54.17696282802112,
      "quality_std": 14.9339286007897,
      "growth_mean": 58.64035350003812,
      "value_mean": 53.50961703645935,
      "momentum_mean": 37.3253127881271,
      "risk_mean": 19.536386154314012,
      "dispersion": 6.828174755529693,
      "verdict": "FACTORS DIFFERENTIATE (good signal)"
    }
  },
  "overall_stability": "UNSTABLE — signal changes with universe size",
  "correlation_risk": "OVERFITTING RISK — signal degrades with size"
}